platform,category,is_new,company,title,start_date,deadline,job_type,raw_category,description_type,description_text,link,detail_url,apply_url,first_seen_at,fingerprint
링커리어,마케팅,False,(주)링글잉글리시에듀케이션서비스,[전환형 인턴] 화상영어 링글 브랜드 & 캠페인 마케팅,2026.07.16,채용 시 마감,채용연계형 인턴,마케팅/광고,image,,https://linkareer.com/activity/336104,https://linkareer.com/activity/336104,,2026-07-16 18:21:28,d515e39036cb69f6
링커리어,마케팅,False,계명대학교,[계명대학교] 정규직 전환 계약직 공개경쟁채용,2026.07.15,2026.07.27,계약직,"기획/경영, 마케팅/광고, 생산/제조, 건설, 의료/바이오",text_image,"[계명대학교] 정규직 전환 계약직 공개경쟁채용
[모집기간]
직무별 마감일 다름
[모집분야]
-행정A (일반행정)
-행정B (홍보팀)
-시설관리기사 (전기 통신 소방)
-환경기사 (재난안전관리)
-의공기사
-방사선사A (심장내과)
-방사선사B (영상의학)
-방사선사C (방사선종양학과)
-방사선사D (핵의학과)
-임상병리사A (진단검사의학)
-임상병리사B (병리과)
-시설관리원 (기계설비실)
[채용공고]",https://linkareer.com/activity/335935,https://linkareer.com/activity/335935,,2026-07-16 18:21:28,a0f43d49a1b34ad3
링커리어,마케팅,False,더에스엠씨,[더에스엠씨] [사업관리] 크리에이터 파트너십(CP) 신입/경력 채용,2026.07.06,2026.08.05,"신입, 경력직","기획/경영, 마케팅/광고",text_image,"[더에스엠씨] [사업관리] 크리에이터 파트너십(CP) 신입/경력 채용
[모집기간]
07월 06일 ~ 08월 05일
[모집분야]
-파트너십 매니저
-전략/운영 매니저
[채용공고]",https://linkareer.com/activity/335987,https://linkareer.com/activity/335987,,2026-07-16 18:21:28,c964f100adba01b4
링커리어,마케팅,False,셀로라,[셀로라] 영상 콘텐츠 마케터 (신입 가능),2026.07.13,2026.08.12,"신입, 경력직",마케팅/광고,text_image,"[셀로라] 영상 콘텐츠 마케터 (신입 가능)
[모집기간]
07월 13일 ~ 08월 12일
[담당업무]
숏폼 영상 기획 & 제작
-인스타그램 릴스, 틱톡, 유튜브 쇼츠 등 뷰티 숏폼 영상 기획/촬영/편집
-제형 플레이 및 시각적 연출을 활용한 매출 전환 목적의 숏폼 광고 제작
성과분석 & 트렌드 최적화
-성과 데이터 기반의 우수 광고 소재 분석 및 2차·3차 베리에이션 제작
-국내외 뷰티 바이럴 트렌드 및 숏폼 채널 알고리즘 분석 및 최적화
[자격요건]
-유관 업무 1년 이상 경력 혹은 이에 준하는 감각적인 역량을 가진 분 (신입 지원 가능)
-Premiere, After Effects, CapCut 등 영상 편집·모션 그래픽 툴을 다루실 수 있는 분
-구매 전환을 이끌어내는 광고 소구점(후킹 포인트)을 시각적으로 구현할 수 있는 분
-최신 밈, 음원, 편집 템플릿 등 숏폼 콘텐츠 트렌드 및 채널 알고리즘에 민감하신 분
[우대사항]
-미디어 커머스 및 미디어 대행사 출신 우대
-뷰티(스킨케어, 디바이스) 브랜드의 광고 소재 제작을 직접 전담해 본 경험이 있는 분
-본인이 직접 기획/제작한 숏폼 콘텐츠로 높은 조회수를 내봤거나 광고 효율(CTR/ROAS)을 개선해 본 경험이 있는 분
[채용공고]",https://linkareer.com/activity/336052,https://linkareer.com/activity/336052,,2026-07-16 18:21:28,1615d1e95d91cb37
링커리어,마케팅,False,셀로라,[셀로라] 일본 콘텐츠 마케터 채용 (신입 가능),2026.07.13,2026.08.12,"신입, 경력직",마케팅/광고,text_image,"[셀로라] 일본 콘텐츠 마케터 채용 (신입 가능)
[모집기간]
07월 13일 ~ 08월 12일
[담당업무]
-SNS(인스타그램/X) 콘텐츠 기획 및 제작
-큐텐,라쿠텐 프로모션 기획 및 운영 보조
-메타 기반 광고 제작 및 운영
-인플루언서 협찬, 시딩
[자격요건]
-유관 경력 1년 이상 혹은 이에 준하는 역량을 가지신 분 (신입 지원 가능)
-비즈니스 일본어가 가능하신 분 (JLPT N1 이상)
-Adobe 프로그램 사용 가능하신 분 (Photoshop, Illustrator 등)
[우대사항]
-뷰티 업계 인턴 및 아르바이트 경험이 있으신 분
-주도적으로 학습하고 배우고자 하는 의지가 있으신 분
-긍정적인 마인드를 보유하신 분
[채용공고]",https://linkareer.com/activity/336064,https://linkareer.com/activity/336064,,2026-07-16 18:21:28,3e87148122abffc2
링커리어,마케팅,False,셀로라,[셀로라] 콘텐츠 마케터 (신입가능),2026.07.13,2026.08.12,"신입, 경력직",마케팅/광고,text_image,"[셀로라] 콘텐츠 마케터 (신입가능)
[모집기간]
07월 13일 ~ 08월 12일
[담당업무]
퍼포먼스 광고 운영 & 최적화
-주요매체(네이버/meta 등) 광고 캠페인 세팅 및 효율 최적화 운영
-광고 지표 분석 및 개선을 위한 인사이트 도출
데이터기반 크리에이티브 & 실행
-고효율 성과 달성을 위한 광고 크리에이티브(소재, 이미지, 영상) 기획
-데이터 기반의 가설 수립 및 A/B 테스트를 통한 마케팅 실행
[자격요건]
-유관 경력 1년 이상 혹은 이에 준하는 역량을 가지신 분 (신입 지원 가능)
-엑셀 등 데이터 분석 툴 활용에 능숙하신 분
-주도적인 가설 검증으로 유의미한 지표 개선 경험이 있는 분
-데이터 기반의 사고로 문제를 해결하고 성과를 만들어 본 분
[우대사항]
-뷰티 트렌드 및 산업에 대한 이해도가 높은 분
-AI 활용에 관심이 높으신 분
-능동적이고 주도적으로 업무에 몰입하는 분
-커뮤니케이션 및 협업 역량이 뛰어나신 분
[채용공고]",https://linkareer.com/activity/336050,https://linkareer.com/activity/336050,,2026-07-16 18:21:28,7fa88fb686dabb9c
링커리어,마케팅,False,식품안전정보원,[식품안전정보원] 2026년 제2차 기간제 직원 모집 공고,2026.07.16,2026.07.31,계약직,"기획/경영, 마케팅/광고, IT/개발, 영업/CS, 생산/제조, 연구/R&D, 기타",text_image,"[식품안전정보원] 2026년 제2차 기간제 직원 모집 공고
[모집기간]
07월 16일 ~ 07월 31일
[모집분야]
-식품(연구)
-전산(일반/정보보안/통합망)
-전산(연구)
-전산(통합망)
-상담
-식품(일반)
-식품(연구)
-식품(국제협력)
-연구(식품)
-행정(홍보)
-외국어(영어)
-전산[장애인 제한경쟁]
-행정[장애인 제한경쟁]
​[채용공고]",https://linkareer.com/activity/336134,https://linkareer.com/activity/336134,,2026-07-16 18:21:28,7f93db0aebc2227b
링커리어,마케팅,False,오픈서베이,Account Manager (신입-경력 2년 미만),2026.07.16,채용 시 마감,신입,"마케팅/광고, 영업/CS",text,"오픈서베이를 소개합니다
2011년 한국 최초로 모바일 리서치 플랫폼을 출시한 오픈서베이는 이제 리서치 전문가가 이식된 AI 플랫폼 dataspace와 함께 기업이 고객과 시장을 이해하는 방식을 바꾸고 있습니다.
AM(Account Manager)은 그 중심에 있습니다. dataspace의 가장 강력한 사용자인 동시에 고객의 비즈니스 이슈를 가장 가까이에서 듣는 사람입니다. 제품이 고객에게 어떻게 닿아야 하는지를 가장 잘 아는 자리에서, dataspace와 고객 사이의 가교 역할을 합니다.
이런 일을 합니다
고객 프로젝트 운영: 고객의 비즈니스 이슈를 듣고, 오픈서베이의 제품에 최적화된 방식으로 프로젝트를 설계하고 운영합니다. 이 과정은 내/외부의 다양한 파트너와 협업하며 진행됩니다.
dataspace 활용 지원: 고객이 오픈서베이의 제품인 dataspace를 실제 업무에 잘 활용할 수 있도록 온보딩을 돕고, 새로운 기능을 먼저 소개합니다.
고객 인사이트 공유: 고객과 커뮤니케이션을 하면서 알게 된 페인포인트나 니즈를 팀 내에 체계적으로 공유해 제품팀·세일즈팀과 연결합니다. 고객 미팅 후 미팅록을 본인의 언어로 직접 작성합니다.
이렇게 성장하실 수 있습니다
■ 프로젝트를 잘 운영하면서 비즈니스를 이해합니다
신입 AM으로 합류하게 되면 개별 프로젝트를 운영하며 dataspace를 비롯한 오픈서베이의 제품과 리서치 비즈니스에 대한 감각을 익히게 됩니다. 기업이 리서치를 진행하는 상황과 목적, 그리고 데이터가 실제 의사결정에 활용되는 과정을 학습하며, 오픈서베이의 제품이 고객의 비즈니스 이슈를 어떻게 해결하는지 이해합니다. 이 과정들을 반복하며 개별 프로젝트 단위를 넘어 고객의 비즈니스 전체를 조망하는 시야를 갖추게 됩니다.
■ 고객 어카운트를 관리하는 클라이언트 파트너로 성장합니다
AM으로 경험이 충분히 쌓이면 프로젝트 단위가 아니라 고객 전체를 보는 클라이언트 파트너가 됩니다. 클라이언트 파트너는 자신의 고객이 어떤 비즈니스 고민을 가지고 있는지, 조직 안에서 어떤 의사결정을 하는지, 우리가 더 기여할 수 있는 부분이 어디인지를 스스로 파악하고 먼저 제안합니다. 고객의 페인포인트를 제품팀에 연결하는 것도 클라이언트 파트너의 중요한 역할입니다. 이 과정을 거치며 단순한 프로젝트 담당자가 아니라 고객 비즈니스의 파트너로 자리 잡게 됩니다.
이런 분을 찾습니다
영어로 고객과 직접 소통하고 프로젝트를 운영할 수 있는 분
고객과 내부 팀 사이에서 프로젝트가 막힘없이 흘러가도록 선제적으로 상황을 공유하고, 해야 할 일을 꼼꼼하게 챙기는 분
어려운 상황에서도 혼자 고민하기보다 질문과 요청으로 빠르게 답을 찾고, 배움을 흡수하며 문제를 해결해 나가는 분
고객이 데이터로 어떤 의사결정을 하려는지 고민하며, 그 니즈를 깊이 이해하려는 분
미팅록부터 가이드 문서까지, 내가 남긴 기록이 팀 전체의 자산이 된다는 것을 이해하고 본인만의 언어로 정리할 수 있는 분
빠르게 변화하는 제품을 스스로 익히고, AI를 적극적으로 활용해 일하는 것을 즐기는 분
오픈서베이의 업무 환경
고객과는 전화·이메일로, 내부 팀과는 Slack·Google Docs로 빠르게 소통합니다.
Claude, Gemini 등 AI 도구를 업무에 적극 활용하는 문화입니다. 사용 방법은 함께 배워나갑니다.
팀(파드) 단위 주간 회의, 분기 회고, 월간 사업그룹 전체 회의를 통해 함께 성장합니다.
수습 3개월 포함 최대 6개월의 온보딩 기간 동안 사업그룹의 다양한 업무를 배우고 실습합니다. 수습 기간에도 처우는 동일합니다.
오픈서베이 합류 과정은 다음과 같습니다
채용 프로세스
지원 > 서류 심사 > 1차 인터뷰 > 2차 인터뷰 > 처우 협의 > 최종 합격
[지원 서류]
이력서, 자기소개서(자유 양식)
■ 이력서와 자기소개서는 자유 양식으로 작성해 주세요. 자기소개서에는 지원 동기와 함께 아래 두 가지를 구체적으로 작성해 주시면 지원자님을 이해하는 데 큰 도움이 됩니다.
1) 여러 사람과 협업했던 상황 하나를 골라, 그 상황에서 본인이 어떤 역할을 맡았고 어떤 일을 했는지 적어 주세요. 특히 일이 잘 진행되도록 본인이 신경 쓰거나 챙긴 부분이 있다면 함께 적어 주시면 좋습니다.
2) 복잡하거나 정리되지 않은 내용을 본인만의 방식으로 정리해 남들이 이해하기 쉽게 만들어 본 경험을 적어 주세요. 정리한 문서의 종류는 무엇이든 괜찮습니다. 어떤 상황에서 어떤 점을 고려해 정리했는지가 잘 드러나도록 적어 주세요.
영어 공인어학성적 증명서(TOEIC, TOEFL(iBT/PBT), TEPS, IELTS, TOEIC Speaking, OPIc 등)
■ AM은 영어로 고객과 소통하고 프로젝트를 운영하는 경우가 있어, 지원자님의 영어 소통 역량을 참고하기 위한 자료로 활용됩니다. 성적표의 유효기간이 지났거나 현재 보유한 성적이 없는 경우, 지원서에 그 사유와 본인의 영어 활용 경험을 함께 작성해주셔도 됩니다.
[전형 안내]
1차 인터뷰는 현장 과제와 팀 매니저와의 인터뷰로 구성됩니다. 과제는 현장에서 주어진 시간 동안 직접 수행한 뒤, 결과물을 함께 이야기 나누는 방식으로 진행됩니다.
2차 인터뷰는 앞으로 함께 일하게 될 동료들과 만나는 자리입니다. 서로가 어떻게 일하는 사람인지 이해하고, 오픈서베이에서 함께 잘 성장할 수 있을지 확인하는 자리입니다.",https://linkareer.com/activity/335982,https://linkareer.com/activity/335982,,2026-07-16 18:21:28,431ae122776f34b6
링커리어,마케팅,False,주식회사 더파운더즈,[ANUA 아누아] 홍콩 인플루언서 마케팅 인턴,2026.07.16,채용 시 마감,채용연계형 인턴,마케팅/광고,text_image,#인플루언서마케팅 #마케팅인턴 #단기인턴 #인턴채용 #마케팅채용 #콘텐츠마케팅 #퍼포먼스마케팅 #광동어 #광동어가능자 #홍콩 #홍콩마케팅 #홍콩취업 #해외마케팅 #글로벌마케팅인턴 #중화권마케팅 #홍콩거주경험 #SNS마케팅 #콘텐츠기획 #인플루언서섭외 #시딩마케팅 #소셜미디어마케팅 #데이터분석 #뷰티마케팅 #스킨케어브랜드 #더파운더즈 #아누아 #ANUA #K뷰티 #글로벌뷰티브랜드 #K뷰티글로벌진출,https://linkareer.com/activity/336087,https://linkareer.com/activity/336087,,2026-07-16 18:21:28,63d3c6831b0c4937
링커리어,마케팅,False,주식회사 버킷플레이스,캠페인 & 프로모션 마케터 (계약직),2026.07.15,채용 시 마감,계약직,마케팅/광고,image,,https://linkareer.com/activity/335822,https://linkareer.com/activity/335822,,2026-07-16 18:21:28,2b30b7a970121eb1
링커리어,마케팅,False,중앙대학교병원,[중앙대학교병원] 디지털전략팀 행정직 (계약직) 모집 (2026.07),2026.07.15,2026.07.20,계약직,마케팅/광고,text_image,"[중앙대학교병원] 디지털전략팀 행정직 (계약직) 모집 (2026.07)
[모집기간]
07월 15일 ~ 07월 20일
[담당업무]
병원 디지털, AI 전환 업무 지원
- 업무 자동화(RPA) 운영 및 유지 보수
- AI gent 개발 프로젝트 참여 및 병원 디지털 AI 업무지원
※ 관련 기술 학습 및 교육 제공
[자격요건]
-전문학사 이상 학위 소지자
[우대사항]
-종합병원 이상의 의료기관에서 관련 업무 경력자
-컴퓨터공학 관련 전공자
-IT 관련 자격증 소지자
[채용공고]",https://linkareer.com/activity/335937,https://linkareer.com/activity/335937,,2026-07-16 18:21:28,d1f89e9adb71b9e1
링커리어,마케팅,False,포컴퍼니,[포컴퍼니] [글로벌] 틱톡샵 어필리에이트 마케터 (채용연계형 인턴) _Abib,2026.07.15,2026.07.26,계약직,마케팅/광고,text_image,"[포컴퍼니] [글로벌] 틱톡샵 어필리에이트 마케터 (채용연계형 인턴) _Abib
[모집기간]
07월 15일 ~ 07월 26일
[담당업무]
-자사 콘텐츠 모니터링 및 성과 분석을 통한 인사이트 도출
-콘텐츠 가이드라인 기획 및 제작, 크리에이터 협업 방향성 설계
-TikTok Shop Affiliate 전략 수립 및 실행, GMV 증대를 위한 콘텐츠/메시지 기획
-인플루언서 및 Affiliate 크리에이터 발굴·리스트업·선정 및 파이프라인 관리
-크리에이터 협업 캠페인 기획 및 운영 (일정 관리, 운영 이슈 대응 등)
-에이전시 및 외부 파트너 관리 및 협업 운영
-데이터(GMV, ROAS 등) 기반 성과 분석 및 마케팅 인사이트 도출
[자격요건]
-경력: 신입
-TikTok Shop, Reels, Shorts 등 숏폼 커머스 콘텐츠에 대한 이해도가 높으신 분
-글로벌 뷰티 트렌드 및 바이럴 흐름을 기반으로 인사이트 도출이 가능한 분
-콘텐츠 성과 및 매출 데이터를 기반으로 분석이 가능하며, 개선 방향 및 실행 전략을 도출할 수 있는 분
-기본적인 영어 커뮤니케이션이 가능하신 분
-TikTok Shop Affiliate 및 인플루언서 마케팅 구조에 대한 이해를 바탕으로, 콘텐츠 및 파트너 운영을 실무적으로 수행할 수 있는 분
-콘텐츠 성과 및 매출 데이터를 면밀하게 분석하고, 작은 변화에도 민감하게 반응하여 인사이트를 도출하고 개선으로 연결할 수 있는 분
-원활한 커뮤니케이션을 바탕으로 협업하며 문제 해결이 가능하신 분
[우대사항]
-Native 수준의 영어 커뮤니케이션 역량을 보유하신 분
-스페인어 기본 독해 및 작문이 가능하신 분
-영어권 등 해외 거주 또는 유학 경험을 바탕으로 글로벌 문화 및 소비자에 대한 이해도가 높으신 분
-뷰티·스킨케어 트렌드에 대한 이해도가 높고 SNS 콘텐츠에 익숙하신 분
-데이터 정리 및 리포트 작성 역량을 바탕으로 성과를 분석하고 인사이트 도출이 가능하신 분
-글로벌 시장 및 해외 소비자 반응에 대한 이해를 기반으로 콘텐츠 기획 또는 SNS 채널 운영 경험이 있으신 분
[채용공고]",https://linkareer.com/activity/335817,https://linkareer.com/activity/335817,,2026-07-16 18:21:28,811f323ec2e51ed0
링커리어,기획,False,NH농협은행,[NH농협은행] NH카드분사 카드마케팅2팀 전문계약직 직원 채용공고,2026.07.15,2026.07.26,계약직,"기획/경영, 마케팅/광고",text_image,"[NH농협은행] NH카드분사 카드마케팅2팀 전문계약직 직원 채용공고
* 담당업무
- 신용/체크회원 CRM 마케팅 전략 수립 및 기획 운영
- 신용/체크회원 세분화 기준 수립 및 관리
- 대상고객 추출 및 성과 분석 데이터 분석 & 인사이트 도출
- 개인화 MMS(멀티미디어 메시지 서비스)발송 프로세스 구축
- 비정기성 카드 회원 마케팅 실시 등
* 조직 상황에 따라 근무지(팀) 및 담당업무는 변경될 수 있음
* 근로조건
- 근무기간: 1년(당행 내규에 따라 1년 이내 단위 재계약 가능)
- 근무시간: 주 5일(월요일~금요일), 일 8시간 근무
- 근 무 지: 카드마케팅2팀(주소: 서울시 종로구 통일로 134)
- 급여수준: 동종 업계 수준 및 이전 직장 급여 등을 감안하여 개인별 협의
- 복리사항: 퇴직금(1년 이상 근무 시), 4대 보험, 복지포인트 등",https://linkareer.com/activity/336039,https://linkareer.com/activity/336039,,2026-07-16 18:21:28,b0169e5e01ed3f27
링커리어,기획,False,나이스디앤비,[나이스디앤비] 통합지원센터 기업평가 접수 부문 인재 영입 (단기 2~3개월),2026.07.16,2026.07.26,계약직,기획/경영,text_image,"[나이스디앤비] 통합지원센터 기업평가 접수 부문 인재 영입 (단기 2~3개월)
[조직 소개]
- 통합지원센터는 ​기업평가 ​및 ​TCB평가 서비스를 ​이용하는 고객의 문의와 요청을 ​가장 ​가까이에서 듣고, ​정확하고 신속한 응대를 ​통해 기업의 ​신뢰와 ​고객 경험을 ​책임지는 ​핵심 ​부서입니다.
[채용 부문]
- 기업평가를 ​신청한 ​기업을 대상으로 서비스별 ​필수 ​제출 ​서류를 확인하고, 누락 ​서류를 안내/요청하여 ​원활한 ​평가 접수를 ​지원합니다.
- 신청 서비스의 ​진행 ​일정 및 접수 ​현황을 관리하고, ​관련 내용을 수주 시스템에 등록합니다.
- 평가 진행에 필요한 자료를 검토/관리하며 기업평가 접수와 관련된 업무를 수행합니다.
[자격 요건]
- 고교 졸업 이상 (전문학사/학사 휴학생, 졸업예정자 지원 가능)
[우대 요건]
- MS Office 프로그램(파워포인트, 엑셀 등)의 원활한 활용이 가능하신 분
- 금융기관, 신용평가사 등 고객상담 업무 경험을 보유하신 분
- 기업고객 대상 서류 검수 업무 경험을 보유하신 분",https://linkareer.com/activity/336117,https://linkareer.com/activity/336117,,2026-07-16 18:21:28,c14da12396dec75a
링커리어,기획,False,블랭크코퍼레이션,[CIC STAFF] 전략 스태프 인턴 (전환형 인턴),2026.07.16,채용 시 마감,채용연계형 인턴,기획/경영,text,"Find the blank. Fill the ______!
--
블랭크코퍼레이션은 사람들의 삶 속 결핍을 찾아 해결하는 브랜드 하우스입니다.
우리는 하나의 브랜드를 운영하는 회사가 아닙니다.
여러 브랜드를 만들고 성장시키며, 새로운 사업 기회를 끊임없이 만들어갑니다.
브랜드가 성장하는 과정에서는 수많은 의사결정이 필요합니다.
어떤 사업에 집중해야 하는지, 무엇이 성장을 막고 있는지, 어떤 문제를 먼저 해결해야 하는지.
좋은 의사결정은 좋은 질문에서 시작됩니다.
이번 포지션은 커머스 CIC 대표/부대표와 가까이에서 이러한 질문을 함께 만들고, 사업의 중요한 문제를 해결해 나갈 전략 스태프를 찾기 위해 만들어졌습니다.
Mission
대표의 고민을 사업의 실행으로 연결합니다.
전략 스태프는 CIC의 각 조직의 리더가 마주한 다양한 사업 과제를 분석하고, 문제의 본질을 정의하며, 실행 가능한 해결 방향을 함께 만들어갑니다.
단순히 보고서를 만드는 사람이 아니라, 사업을 움직이는 중요한 의사결정에 참여하며 끝까지 실행을 함께하는 역할입니다.
Responsibilities | 블랭크에서 기대하는 역할은 다음과 같습니다.
리더의 의사결정을 위한 리서치와 데이터 분석을 수행하고, 핵심 내용을 정리합니다.
각 사업과 조직 전반의 업무 구조를 이해하고 병목을 진단하여 문제를 정의해 개선안을 설계합니다.
프로젝트 진행 결과를 점검하고 지속적인 개선 과제를 도출합니다.
시장·경쟁사·커머스 트렌드를 분석하여 새로운 사업 기회를 발굴합니다.
Qualifications | 다음과 같은 경험을 가진 분을 찾습니다.
복잡한 문제를 논리적으로 구조화하고 해결해본 경험이 있으신 분
데이터를 기반으로 인사이트를 도출하고 의사결정에 활용할 수 있는 분
스스로 문제를 발견하고 끝까지 실행하는 태도를 가지신 분
다양한 이해관계자와 원활하게 협업하고 커뮤니케이션할 수 있는 분
AI(GPT, Claude 등)를 리서치 및 문서 작성, 분석 업무에 적극 활용할 수 있는 분
Preferential Treatment | 이런 경험이 있다면 더욱 좋습니다.
전략기획, 컨설팅, 투자, 스타트업 등에서 인턴/프로젝트를 수행한 경험
커머스 또는 소비재 산업에 대한 높은 관심과 이해
Excel, SQL 등을 활용한 데이터 분석 경험
새로운 프로젝트를 처음부터 끝까지 주도적으로 수행한 경험
Who We're Looking For | 이런 분과 함께하고 싶습니다.
정답을 찾기보다 좋은 질문을 만드는 과정에 즐거움을 느끼시는 분
대표와 가까운 자리에서 빠르게 성장하고 싶으신 분
분석으로 끝나지 않고 실행까지 이어가는 일에 보람을 느끼시는 분
다양한 사업을 경험하며 비즈니스 감각을 키우고 싶으신 분
What You'll Experience | 합류하면 경험할 수 있는 것
커머스 CIC의 대표/부대표와 함께 실제 사업 의사결정 과정을 경험합니다.
블랭크의 전 브랜드와 다양한 사업을 폭넓게 이해할 수 있습니다.
사업 전략, 운영, 마케팅, 제품 등 여러 조직과 협업하며 비즈니스 전반을 경험합니다.
실제 경영 과제를 해결하며 빠른 성장과 높은 수준의 문제 해결 역량을 쌓을 수 있습니다.
6개월간의 인턴십 종료 후 성과와 역량을 바탕으로 정규직 전환 기회를 제공합니다.
blank Intern benefits | 인턴 복리후생
# 입사 & 근무
신규 입사자 웰컴키트 지급
점심식사 1만원 지원 (연봉 외 별도)
야근 시 30분 단위 시간외수당 지급
저녁식사 1만원 추가 지원
유연한 휴가 문화 (연차/ 반차/ 반반차)
추가 사용 가능한 월 1회 무급휴가
원두커피 및 음료 제공
'님' 호칭 문화
쾌적한 단독 사옥 (B1 ~ 7층) 및 주차타워 지원 (추첨제)
# 보상 & 복지
연 300만원 자사 제품 구매 포인트 지원
5월 가정의 달 식사비 최대 20만원 지원
생일 케이크 및 반반차, 10만원 상품권 제공
working conditions | 근무조건
고용 형태: 6개월 전환형 인턴
급여: 면접 후 협의
근무일: 주 5일 (월~금)
근무시간: 08:00~10:30 자율출근
근무지: 서울특별시 강남구 역삼로 179 한빛빌딩
정규직 전환: 인턴십 종료 후 평가를 통해 전환 여부를 검토합니다.
recruitment process | 채용 전형
서류 전형 > 인터뷰 > 최종 합격
정규직 전환 시 별도의 전환 평가가 진행됩니다.
checklist | 지원 전 체크해 주세요.
이력서 제출은 필수입니다.
장애인, 국가유공자, 보훈대상자는 관련 법령에 따라 우대합니다.
입사 지원 시 본인의 성명, 연락처, 이메일 주소 등을 정확하게 기입해 주세요.
이력서에 기재된 학력 및 경력 사항이 거짓일 경우 합격이 취소될 수 있습니다.",https://linkareer.com/activity/336124,https://linkareer.com/activity/336124,,2026-07-16 18:21:28,5293ecc60a358f0f
링커리어,기획,False,정보통신기획평가원,정보통신기획평가원 직원 채용(전문직)공고,2026.07.16,2026.08.07,계약직,"기획/경영, IT/개발, 기타",image,,https://linkareer.com/activity/336022,https://linkareer.com/activity/336022,,2026-07-16 18:21:28,0197ae02c8f32dea
링커리어,기획,False,주식회사 라포랩스,Research Assistant,2026.07.16,채용 시 마감,계약직,기획/경영,image,,https://linkareer.com/activity/336073,https://linkareer.com/activity/336073,,2026-07-16 18:21:28,fd2f03ef9af429f4
링커리어,기획,False,토스플레이스,[토스플레이스] Research Assistant,2026.07.16,상시모집,계약직,기획/경영,image,,https://linkareer.com/activity/336063,https://linkareer.com/activity/336063,,2026-07-16 18:21:28,d91dcf57373bab62
링커리어,인사,False,삼일회계법인,[삼일회계법인] 조직문화 & 변화관리 지원 인턴 채용,2026.07.15,2026.07.24,체험형 인턴,기획/경영,text_image,"[삼일회계법인] 조직문화 & 변화관리 지원 인턴 채용
[담당업무]
전사 조직문화 혁신과 사내 소통 강화 지원
조직개발 및 변화관리 워크숍 운영 지원
삼일의 Change Makers 사내 커뮤니케이션 지원
조직문화와 사내 소통 트렌드 분석 지원 및 콘텐츠 기획 지원
리더십 코칭 프로그램 운영 지원
구성원 대상 조직문화와 사내 소통 캠페인 기획 및 실행 지원
[접수기간]
07월 15일 ~ 07월 24일
[채용공고]",https://linkareer.com/activity/335846,https://linkareer.com/activity/335846,,2026-07-16 18:21:28,ed7d9d48a898fd3c
링커리어,인사,False,서희건설,[서희건설] 인사팀 신입 및 경력 채용(~채용 시 마감),2026.07.15,2026.07.31,신입,기획/경영,text_image,"[서희건설] 인사팀 신입 및 경력 채용(~채용 시 마감)
[담당업무]
인사 전반
- 인력 운영계획 수립 및 채용
- 평가, 승진, 보상, 교육 제도 운영
노무 관리
- 노동관계법 관련 업무
- 대관업무
[접수기간]
07월 15일 ~ 07월 31일 (채용시 마감)
[채용공고]",https://linkareer.com/activity/335852,https://linkareer.com/activity/335852,,2026-07-16 18:21:28,5a41d790f674d59e
링커리어,영업,False,(주)링글잉글리시에듀케이션서비스,[전환형 인턴] 화상영어 링글 틴즈 Teens 세일즈,2026.07.16,채용 시 마감,채용연계형 인턴,영업/CS,image,,https://linkareer.com/activity/336101,https://linkareer.com/activity/336101,,2026-07-16 18:21:28,b09fe60e6cb67a68
링커리어,영업,False,NH농협생명,[NH농협생명] 업무지원파트 일반계약직 채용 공고,2026.07.15,2026.07.26,계약직,"기획/경영, 영업/CS",text_image,"[NH농협생명] 업무지원파트 일반계약직 채용 공고
[근무지]
○ NH 농협생명 본사
○ 주소: 서울특별시 서대문구 미근동 통일로 87, NH농협생명빌딩 동관
[담당업무]
ㅇ사무지원
- 고객플라자 창구업무(고객응대)
- 위탁업무(농협은행, 농축협 및 생명지점 등) 지원
[근무형태]
○ 일반계약직
○ 근무기간: 1년 (평가 결과에 따라 재계약시 최대 2년 근무 가능)
○ 근무시간: 주5일 근무 (09:00~18:00)
[급여 및 복리후생]
○ 계약급여: (월봉급) 2,466,410원
○ 중식/교통비, 복지포인트, 시간외근무, 경조사지원, 4대보험, 퇴직금(1년이상 근무 시) 등 별도 지급
○ 기타: 농협생명 관련 규정에 의함",https://linkareer.com/activity/336074,https://linkareer.com/activity/336074,,2026-07-16 18:21:28,5d9aa31962ff09c9
링커리어,영업,False,NH농협은행,[NH농협은행] 고객행복센터(인천센터) 일반계약직 직원 채용,2026.07.14,2026.07.20,계약직,"기획/경영, 영업/CS",text_image,"[NH농협은행] 고객행복센터(인천센터) 일반계약직 직원 채용
* 담당업무: 콜센터 운영지원, 민원처리 업무, 협력업체 입/퇴사관리, 센터서무보조, 기계경비 등
* 근로조건
- 근무기간: 12개월(당행 내규에 따라 재계약 가능/ 단, 최장 2년 초과 불가)
- 근무시간: 주 5일(월요일~금요일), 일 8시간 근무
- 근 무 지: 고객행복센터 인천센터 (주소: 인천광역시 부평구 경원대로1373
북인천우체국 6층)
- 급여수준: NH농협은행 관련 규정에 의함
- 복리사항: 퇴직금(1년 이상 근무 시), 4대 보험, 복지포인트 등",https://linkareer.com/activity/336088,https://linkareer.com/activity/336088,,2026-07-16 18:21:28,a957e79d1f51cc09
링커리어,영업,False,SK렌터카,[SK렌터카] B2B/B2C 장기렌터카 신규영업 담당자 (1년계약직 정규직 전환 가능),2026.07.16,2026.07.31,계약직,영업/CS,text_image,"[SK렌터카] B2B/B2C 장기렌터카 신규영업 담당자 (1년계약직 정규직 전환 가능)
[담당 업무]
- 법인, 개인사업자 및 개인 고객 대상 장기렌터카/월렌터카 상품 컨설팅 영업
- 신규 고객 발굴 중심의 아웃바운드 영업(Telemarketing/Outbound Sales) 수행
- 고객 니즈 분석을 통한 차량, 계약조건, 상품 구조 맞춤형 제안
- 계약 체결 이후 B2C 고객 리텐션 및 재계약 관리
- 영업 Pipeline 관리 및 실적 관리
[지원 자격]
- 학력/전공 무관
- 신규 고객 발굴 중심의 영업(Telesales, Outbound, 방문, 채널영업 등) 경험자
- 적극적인 커뮤니케이션 역량 및 목표 달성에 대한 강한 동기
[우대 사항]
- 렌터카, 자동차, 모빌리티 산업 영업 경험자
- 금융상품 영업 경험자 (캐피탈, 카드, 리스, 할부 등)
- TM 기반 영업 조직에서 성과 창출 경험 보유자",https://linkareer.com/activity/336004,https://linkareer.com/activity/336004,,2026-07-16 18:21:28,c80f7baaac8ec9e0
링커리어,영업,False,농협경제지주,[농협경제지주] 안성농식품물류센터 영업지원직 채용,2026.07.13,2026.07.26,계약직,생산/제조,text_image,"[농협경제지주] 안성농식품물류센터 영업지원직 채용
○ 복리후생
- 4대보험(국민연금, 건강보험, 산재 및 고용보험) 가입
- 초과근무 시 시간외근무수당 지급(복지포인트 연간 280만 포인트 및 퇴직금 별도)
- 주5일 근무, 연차휴가, 심신단련휴가, 각종 경조사비, 명절상여금, 근로자의날
행사비 등 지급
- 급여수준: 농협경제지주 내부규정에 의거하여 지급(심야수당 지급)
* 2025년 야간근로 기준 세전금액 연 50백만원 전후
○ 근로시간: 야간근무 오후 8시 ~ 익일 새벽 5시(휴게시간 제외 1일 8시간 근무)
- 주말 및 공휴일 근무 가능자만 해당됨에 유의
○ 근무지: 경기도 안성시 미양면 강덕1길 161, 농협안성농식품물류센터
○ 계약기간: 6개월 내부 평가 후 최종 합격자에 한해 연장계약 가능(최장 2년 이내)
○ 양재노선 출퇴근 셔틀버스 운행
- 출근 시: 양재가정법원 앞 → 동천역정류장 → 죽전정류장 → 신갈정류장 → 안성센터
- 퇴근 시: 출근 시의 역순 방향
○ 수원노선 출퇴근 셔틀버스 운행
- 출근 시: 하나로클럽 수원유통센터 → 수원역 → 세류역 → 공도서희스타힐즈 → 안성센터
- 퇴근 시: 출근 시의 역순 방향",https://linkareer.com/activity/336097,https://linkareer.com/activity/336097,,2026-07-16 18:21:28,f7d45c1c15366a3c
링커리어,영업,False,농협경제지주,[농협경제지주] 안성농식품물류센터 영업지원직 채용,2026.07.15,2026.07.22,계약직,"기획/경영, 영업/CS",text_image,"[농협경제지주] 안성농식품물류센터 영업지원직 채용
○ 복리후생
- 4대보험(국민연금, 건강보험, 산재 및 고용보험) 가입
- 초과근무 시 시간외근무수당 지급(복지포인트 및 퇴직금 별도)
- 주5일 근무, 연차휴가, 심신단련휴가, 각종 경조사비 등
- 급여수준: 농협경제지주 내부규정에 의거하여 지급(시급: 10,320원/26년 최저시급 반영)
* 2025년 주간근로 기준 세전금액 연 38백만원 전후
○ 양재노선 출퇴근 셔틀버스 운행(주말 미운영)
- 출근 시: 양재가정법원 앞 → 동천역정류장 → 죽전정류장 → 신갈정류장 → 안성센터
- 퇴근 시: 출근 시의 역순 방향
○ 근로시간: 주간근무자 기준 오전 8시 ~ 오후 5시(1일 8시간/휴게 1시간 제외)
○ 근무지: 경기도 안성시 미양면 강덕1길 161, 농협안성농식품물류센터
○ 계약기간: 6개월 단위로 체결(최장 2년 이내)",https://linkareer.com/activity/336094,https://linkareer.com/activity/336094,,2026-07-16 18:21:28,c764f0c8ad641b02
링커리어,영업,False,더에스엠씨,[더에스엠씨] [기획직군] B2B 마케터 경력 채용,2026.07.06,2026.09.04,"신입, 경력직",영업/CS,text_image,"[더에스엠씨] [기획직군] B2B 마케터 경력 채용
[모집기간]
07월 06일 ~ 09월 04일
[담당업무]
-사업부/고객사 요청 기반 분석 키워드 세팅부터 데이터 수집, 결과 정리까지 소셜리스닝 기능 운영을 담당합니다.
-언급량, 긍부정 반응, 핵심 키워드, 소비자 반응 등을 정리해 소셜리스닝 리포트를 작성합니다.
-캠페인 목적에 맞는 적합한 크리에이터를 리서치하고 선별해 큐레이션 콘텐츠를 운영합니다.
-신규 기능 요구사항을 정리하고 화면/플로우 점검 등 서비스 기획 업무를 지원합니다.
-UX/UI 품질 검수와 사용자 피드백·운영 이슈 정리를 통해 기존 서비스 운영을 관리합니다
[자격요건]
-포트폴리오 제출 필수 (*본인 기여도 및 역할을 명확히 기재해 주세요.)
-광고 산업 내 크리에이터 마케팅/디지털 캠페인 업무 흐름에 대한 이해도를 보유하신 분
-B2B 서비스에 대한 이해도를 보유하신 분
-소셜리스닝, 브랜드 모니터링, 키워드 리서치 관련 업무를 경험해보신 분
-크리에이터, 인플루언서, 숏폼 콘텐츠, SNS 트렌드에 대한 높음 관심과 감각을 보유하신 분
[우대사항]
-인플루언서·크리에이터 협업 캠페인 기획 및 운영 경험을 보유하신 분
-데이터 기반 리포트 작성 경험을 보유하신 분
-서비스기획·운영 협업 툴의 사용 경험을 보유하신 분
-AI 툴 및 데이터 기반 업무 활용 경험을 보유하신 분
[채용공고]",https://linkareer.com/activity/336008,https://linkareer.com/activity/336008,,2026-07-16 18:21:28,f1b5a0aa3fae5234
링커리어,영업,False,라카코스메틱스,[라카코스메틱스] 글로벌 채널 틱톡샵 CS담당 Assistant,2026.07.31,채용 시 마감,채용연계형 인턴,영업/CS,image,,https://linkareer.com/activity/336110,https://linkareer.com/activity/336110,,2026-07-16 18:21:28,721ae6a02b8388ed
링커리어,영업,False,링글잉글리시에듀케이션서비스,[링글잉글리시에듀케이션서비스] [전환형 인턴] Teens - Business Development (Sales),2026.07.15,2026.08.02,체험형 인턴,영업/CS,text_image,"[링글잉글리시에듀케이션서비스] [전환형 인턴] Teens - Business Development (Sales)
[담당업무]
• 고객 맞춤형 교육 컨설팅 및 세일즈 전환
◦ 링글 틴즈 웹사이트 및 광고 채널을 통해 유입된 학부모 및 학생의 교육적 니즈와 학습 성향을 다각도로 분석합니다.
◦ 학생의 영어 레벨 및 학습 목표(국제학교 준비, 유학 등)에 최적화된 링글 틴즈만의 1:1 맞춤형 솔루션(커리큘럼 및 튜터 라인업)을 제안합니다.
◦ 상담 고객의 페인 포인트를 정확히 해결함으로써 최종 결제 전환율을 극대화합니다.
• 세일즈 프로세스 고도화 및 스크립트 최적화
◦ 매출 지표를 모니터링하고, 세일즈 피칭 스크립트와 상담 프로세스를 지속적으로 개선합니다.
◦ 마케팅 및 프로모션 일정에 맞춰 전환율을 극대화할 수 있는 세일즈 전략을 수립하고 실행합니다.
◦ 세일즈 과정에서 얻은 고객의 생생한 목소리(VOC)를 제품/콘텐츠 팀에 전달하여 서비스 개선에 기여합니다.
[접수기간]
07월 15일 ~ 08월 02일
[채용공고]",https://linkareer.com/activity/335845,https://linkareer.com/activity/335845,,2026-07-16 18:21:28,48b57074c0bb10de
링커리어,영업,False,에프앤가이드,[에프앤가이드] [법인영업팀] 신입/경력 채용,2026.07.16,채용 시 마감,"신입, 경력직",기획/경영,text_image,"[에프앤가이드] [법인영업팀] 신입/경력 채용
[담당업무]
가. 기업 수익추정 및 밸류에이션 모델 운영 및 개선
- 증권사 리서치센터에서 사용하는 기업 분석 모델 운영
- 데이터 변경, 회계기준 변경, 산식 오류 등 발생 시 모델 직접 수정 및 검증
나. 고객사(주로 애널리스트) 대응 및 문의사항 해결
- 증권사/운용사 애널리스트의 모델관련 문의, 개선요청에 대응 (데이터 오류, 모델 계산값, 보고서 템플릿 등의 수정/개선)
- 기능개선, 시스템 패치 등 기술적 사항은 전담 개발팀과 협업하여 구현
[자격요건]
- 학사 이상
- 경력: 3년 이하 (신입 지원 가능)
- 회계/재무 기본 개념을 이해하고 계신 분(재무제표, 밸류에이션 개념 등)
- 숫자나 모델 다루는 것에 관심 많으신 분
- 고객과의 원활한 커뮤니케이션 능력을 보유하신 분
- 새로운 시스템/데이터 구조를 빠르게 학습 할 수 있는 분
[채용절차]
- 서류심사 > 사전진단 > 1차면접 > 2차면접 > 최종합격",https://linkareer.com/activity/335945,https://linkareer.com/activity/335945,,2026-07-16 18:21:28,ba57ce13bc15a58e
링커리어,영업,False,오픈서베이,[오픈서베이] Account Manager(신입-경력 2년 미만),2026.06.22,채용 시 마감,신입,영업/CS,text_image,"[오픈서베이] Account Manager(신입-경력 2년 미만)
[담당업무]
고객 프로젝트 운영: 고객의 비즈니스 이슈를 듣고, 오픈서베이의 제품에 최적화된 방식으로 프로젝트를 설계하고 운영합니다. 이 과정은 내/외부의 다양한 파트너와 협업하며 진행됩니다.
dataspace 활용 지원: 고객이 오픈서베이의 제품인 dataspace를 실제 업무에 잘 활용할 수 있도록 온보딩을 돕고, 새로운 기능을 먼저 소개합니다.
고객 인사이트 공유: 고객과 커뮤니케이션을 하면서 알게 된 페인포인트나 니즈를 팀 내에 체계적으로 공유해 제품팀·세일즈팀과 연결합니다. 고객 미팅 후 미팅록을 본인의 언어로 직접 작성합니다.
[접수기간]
06월 22일 ~ 채용시 마감
[채용공고]",https://linkareer.com/activity/335847,https://linkareer.com/activity/335847,,2026-07-16 18:21:28,922c86a3c2ba33a6
링커리어,영업,False,주식회사 크리에이트립,"CX Operator (재택, 1년 계약직)",2026.07.16,채용 시 마감,계약직,영업/CS,text_image,"CX Operator (재택, 1년 계약직)
접수 기간 2026-07-16 ~ 채용 시 마감
모집부문 및 상세내용
모집 부문
CX Operator
(1명)
담당업무
CS 고객지원 업무 실행 (예약 운영 관리, 실시간 고객 문의 응대)
기타 CX 운영 업무
- 계약직 12개월
[필수] 자격 요건
한국에 거주하며 F 비자 소지자 또는 대한민국 국적자
[필수] 마인드셋
고객의 입장에서 먼저 생각하고 문제를 해결하시는 분
꼼꼼하고 책임감 있게 업무를 수행하시는 분
빠르게 변화하는 환경에 유연하게 대응하시는 분
팀원들과 적극적으로 협업하며 함께 성장하고 싶으신 분
[필수] 스킬셋
중국어(번체)와 영어가 원어민 또는 비즈니스 수준으로 고객 응대가 가능하신 분
한국어 능력시험(TOPIK) 5급 이상 또는 이에 준하는 한국어 커뮤니케이션이 가능하신 분
고객 중심의 사고와 원활한 커뮤니케이션 능력을 갖추신 분
Slack, Notion, Google Sheets, Excel 등 필수 업무 도구에 익숙함
우대조건
일본어 원어민 또는 비즈니스 수준의 커뮤니케이션이 가능하신 분
고객 상담(CS/CX) 또는 운영 업무 경험이 있으신 분
여행, OTA 또는 플랫폼 서비스에 관심이 있으신 분
다양한 국가의 고객과 소통하는 것을 즐기시는 분
자격요건
학력
대학졸업(2,3년) 이상(졸업예정자 가능)
근무조건
급여
회사 내규에 따름
근무시간
9:00~18:00 (일,월)/ 13:00~22:00 (목,금,토) - (업무 수요에 따라 변동될 수 있습니다.)
서울 강남구 봉은사로 125 리스트 강남(List Gangnam) 지하2층 B213호 (재택근무가능)
전형 절차
Step 1
서류전형
Step 2
실무진 인터뷰
Step 2
최종합격
지원 기간 및 방법
2026-07-16 ~ 채용 시 마감
접수방법
홈페이지 지원
유의사항
허위 사실이 발견될 경우 채용이 취소될 수 있습니다.",https://linkareer.com/activity/336098,https://linkareer.com/activity/336098,,2026-07-16 18:21:28,f040e16c5e9f8a10
링커리어,영업,False,티에이치엔,[티에이치엔] (광주)모트라스 상주원 모집,2026.07.14,2026.07.20,신입,"영업/CS, 물류/유통",text_image,"[티에이치엔] (광주)모트라스 상주원 모집
□ 주요업무
- 모트라스 상주원
□ 자격요건
- 물류 현장업무(입·출고, 재고관리) 수행 가능자
- 고객 품질대응 업무 가능자
- 고객사 및 협력사와 원활한 소통 가능자
- 성실·책임감 및 현장 중심 업무 수행 가능한 자
- 운전면허 소지자
- 주/야 교대근무 가능자
[우대사항]
- 고객사 상주 근무 有경험자
- 와이어링하네스 관련 경력 有 경험자",https://linkareer.com/activity/335904,https://linkareer.com/activity/335904,,2026-07-16 18:21:28,64cb12ea0df01c6c
링커리어,영업,False,한국사회보장정보원,[한국사회보장정보원] 2026년도 제3차 직원 채용공고,2026.07.16,2026.07.30,"체험형 인턴, 계약직, 신입, 경력직","기획/경영, 영업/CS, 연구/R&D, 기타",text_image,"[한국사회보장정보원] 2026년도 제3차 직원 채용공고
[모집기간]
07월 16일 ~ 07월 30일
[모집분야]
-[체험형 청년인턴] 행정
-[기간제] 행정다급
-[기간제] 전산고급(일반)
-[기간제] 전산중급(일반)
-[기간제] 전산초급(일반)
-[기간제] 전산초급(보안)
-[기간제] 상담사
-[기간제] 위촉연구원
-[육아휴직대체] 전산초급(일반)
-[정규직] 행정직 6급갑(일반)
-[정규직] 행정직 6급갑(기록물관리)
-[정규직] 행정직 6급을(일반)
-[정규직] 전산직 6급갑(일반)
-[정규직] 전산직 6급을(일반)
-[공무직] 전산초급(일반)
-[공무직] 행정사무원
-[공무직] 상담사(일반)
-[공무직]상담사(보훈)
-[정규직] 행정직 6급갑(장애)
[채용공고]",https://linkareer.com/activity/336118,https://linkareer.com/activity/336118,,2026-07-16 18:21:28,1abce44d9f3d5086
링커리어,영업,False,한양증권,[한양증권] 멀티영업본부(리테일) 채용연계형 인턴 채용 공고,2026.07.16,2026.07.22,채용연계형 인턴,금융,text_image,"[한양증권] 멀티영업본부(리테일) 채용연계형 인턴 채용 공고
1. 채용요강
- ​모집분야(직무) ​: ​PB
- 근무지
​ ① 여의도PWM센터
​② ​송파RM센터
​③ 안산프리미어센터
​④ 인천프리미어센터
- ​모집인원 ​: O명
- ​채용연계형 ​인턴
* ​인턴십 평가 후 ​채용 ​예정
2. 지원자격 ​요건 ​및 ​우대사항
- '26년 8월 ​~ '26년 ​10월 ​중 약 ​13주간 진행되는 ​인턴십 ​프로그램에 참여 가능한 ​자
- 해외여행 ​및 금융거래 결격사유가 없는 자
- 금융관련 자격 보유자 우대
- 당사 채용관련 규정 상 채용에 결격사유가 없는 자
3. 채용절차
- 서류전형 ▷ 1차면접(실무진) ▷ 2차면접(임원진) ▷ 합격자발표",https://linkareer.com/activity/336009,https://linkareer.com/activity/336009,,2026-07-16 18:21:28,e3bb1f43ebffca81
링커리어,개발,False,(주)안랩,[안랩] 2026년 안랩 하반기 체험형 인턴,2026.07.17,2026.07.26,체험형 인턴,"기획/경영, IT/개발",image,,https://linkareer.com/activity/336105,https://linkareer.com/activity/336105,,2026-07-16 18:21:28,680f0919d044355f
링커리어,개발,False,AB180,Endpoint Security Engineer (Junior),2026.07.16,채용 시 마감,신입,IT/개발,text,"구성원의 업무 환경과 데이터 보안의 첫 번째 접점에서,
AI 에이전트와 클라우드 업무 환경의 안전을 책임질
Endpoint Security Engineer를 찾습니다 ​🚀
""모호한 감을 명료한 확신으로, AI 에이전트로 마케팅의 새로운 기준을 세웁니다.”
AB180은 AI와 데이터를 기반으로 기업의 성장을 가속화하는 가장 빠르고 명료한 직선(180°)을 제시합니다. 우리는 개인의 탁월함이 팀의 유기적인 협업과 만날 때 폭발적인 성장과 혁신이 일어난다고 믿습니다.
AB180은 자체 개발한 광고 성과 측정 솔루션(MMP) Airbridge를 통해 Google, Meta, TikTok 등 글로벌 플랫폼이 신뢰하는 아시아 유일의 파트너로 자리 잡았습니다. 이에 안주하지 않고 전 세계 1위 솔루션인 Amplitude, Braze와 함께 Mar-tech 생태계를 선도하며 글로벌 시장으로 무대를 넓히고 있습니다.
우리는 이제 마케팅의 모든 의사결정이 자동화되고 최적화 될 AI Agent의 시대를 열어가고자 합니다. 기업이 더 많은 고객에게 더 큰 가치를 전할 수 있도록, 모든 마찰을 제거한다는(Zero-Friction Conversion) 미션을 집요하게 달성할 동료를 기다립니다.
💡 Endpoint Security Engineer 포지션에서의 ​기회
Endpoint Security Engineer는 AB180 구성원이 안전하게 일할 수 있는 엔드포인트와 업무 환경을 운영하는 역할입니다. AI 도구가 개인 컴퓨터와 클라우드 업무 도구에 접근하는 시대에는 엔드포인트가 회사 보안의 첫 번째 접점이 됩니다. 어떤 기기에서 어떤 계정이 쓰이는지, 어떤 도구가 어떤 데이터에 접근할 수 있는지, 보안 정책이 실제 업무 환경에서 잘 작동하는지를 가까이에서 확인해야 합니다.
AB180에서는 이 과정을 통해 기술 보안의 기본기를 빠르게 쌓을 수 있습니다. MacOS 기반 개발 환경, SaaS 업무 도구, 클라우드 인프라, AI Agent 활용 환경, 글로벌 인증과 감사 대응을 함께 경험하면서 점점 더 넓은 보안 영역으로 성장할 수 있습니다.
AB180은 Endpoint Security Engineer가 보안 전문가로 성장할 때까지 필요한 교육과 경험의 기회를 적극적으로 제공하고 있습니다. 온보딩과 멘토링, 도서 구매, 컨퍼런스 참가비, 스터디 같은 성장 지원뿐 아니라 실제 업무에서도 단계적으로 더 큰 문제를 경험할 수 있게 적극적으로 지원합니다..
처음에는 엔드포인트와 사내 보안 운영을 정확히 익히고, 이후에는 AI 도구 보안, SaaS 접근 통제, 클라우드 보안, 인증 심사 대응, 고객 보안 질의 대응, 보안 자동화로 영역을 넓혀갈 수 있습니다. AB180은 기술친화적 제품을 다르고 있기 때문에 주니어가 시니어로 성장하기 좋은 실제 문제가 많아서 실무에서의 문제 해결로 빠르게 성장하고 있는 분들에게 좋은 커리어 기회를 제공해드릴 수 있습니다.
💡 이런 일을 함께하게 됩니다.
MacOS, Windows VM, 개발 환경의 기본 보안 설정과 점검
MDM, DLP, Antivirus, VPN, 방화벽 등 엔드포인트 보안 솔루션 운영
Codex, Claude Code 등 AI 도구 사용 정책, 권한, 데이터 접근 관련 보안 운영 지원
입사자 및 구성원의 계정/장비 보안 세팅 및 업무 환경 온보딩
구성원이 이해하기 쉬운 보안 가이드와 체크리스트 작성 지원
💡 이런 분을 찾고 있습니다.
정보보안, IT 운영, 엔드포인트 관리, 사내 시스템 운영 중 하나 이상의 실무를 2년 이상 경험하신 분
Google Workspace, Slack, GitHub, Jira 환경 경험을 해보신 분
계정, 권한, 기기, 네트워크, 보안 솔루션의 관계를 차근차근 이해하고 싶은 분
반복 업무를 문서화하고, 체크리스트와 프로세스로 정리하는 데 강점이 있는 분
다양한 구성원과 친절하고 정확하게 커뮤니케이션할 수 있는 분
💡 이런 경험을 가진 분이라면 더 좋습니다.
K-Shield Jr, BoB, 정보보안 관련 교육 과정 또는 인턴십 경험이 있는 분
ISO 27001, SOC 2 Type II, ISMS, ISMS-P 등 보안 인증이나 감사 증적 업무를 경험해본 분
AI 도구, 개발자 생산성 도구, SaaS 보안에 관심이 많은 분
💡 AB180으로의 합류 여정 입니다.
서류 전형 > 1차 직무 인터뷰 > 2차 컬처핏 인터뷰 > 입사 협의
합류하시면 3개월의 수습 기간이 적용되며, 해당 기간동안 급여는 100% 지급됩니다.
결과는 1-2주 이내로 작성해주신 메일로 개별 안내됩니다.
직무 또는 상황에 따라 프로세스에 변동이 발생할 수 있습니다.
제출 서류에 학력 및 경력사항 등 사실과 다른 허위 기재 사항이 발견될 시, 합격이 취소될 수 있습니다.
지원과 관련한 문의사항이 있다면 recruit@ab180.co 으로 편하게 연락 부탁드립니다.",https://linkareer.com/activity/335948,https://linkareer.com/activity/335948,,2026-07-16 18:21:28,33a2edae382d7064
링커리어,개발,False,KG이니시스,[KG이니시스] PG승인팀 정규직 채용(신입),2026.07.15,2026.08.06,신입,IT/개발,text_image,"[KG이니시스] PG승인팀 정규직 채용(신입)
[담당업무]
PG승인 시스템 및 결제 서비스 개발/운영
은행, 카드사, VAN사 등 대외기관 연동 인터페이스 개발
서비스 안정성 향상 및 운영 효율화를 위한 기술 개선
내부 모니터링 및 운영 도구 개발
실시간 거래 처리 및 장애 대응
운영 이슈 분석 및 개선 방안 도출
결제 서비스 품질 향상을 위한 시스템 개선 업무 수행
[접수기간]
07월 15일 ~ 08월 06일
[채용공고]",https://linkareer.com/activity/335851,https://linkareer.com/activity/335851,,2026-07-16 18:21:28,79559c66294f0e11
링커리어,개발,False,NH농협은행,[NH농협은행] ESG기획단 사회공헌·행복금융팀 일반계약직 채용,2026.07.15,2026.07.21,계약직,"기획/경영, 교육",text_image,"[NH농협은행] ESG기획단 사회공헌·행복금융팀 일반계약직 채용
* 담당업무: 사회공헌 업무 및 청소년 금융교육 업무
- 재난·재해대응(긴급구호물품 관리, 재난지원 활동), 전국 청소년금융교육센터 운영 지원
(홈페이지 및 인스타 채널 관리) 및 실적 집계, 기타 사회공헌 업무 지원 등
* 근로조건
- 근무기간: 12개월 (당행 내규에 따라 재계약 가능/ 단, 최장 2년 초과 불가)
- 근무시간: 주 5일(월요일~금요일), 일 8시간 근무
- 근 무 지: ESG기획단 사회공헌행복금융팀 (주소: 서울시 중구 통일로 120)
- 급여수준: NH농협은행 관련 규정에 의함
- 복리사항: 퇴직금(1년 이상 근무 시), 4대 보험, 복지포인트 등",https://linkareer.com/activity/336082,https://linkareer.com/activity/336082,,2026-07-16 18:21:28,af8f8f7142dad4c8
링커리어,개발,False,NH농협은행,[NH농협은행] 투자상품부 방카슈랑스팀 전문계약직 채용,2026.07.15,2026.07.31,계약직,"기획/경영, 교육",text_image,"[NH농협은행] 투자상품부 방카슈랑스팀 전문계약직 채용
□ 담당 업무
○ 방카슈랑스 교육마케팅
- 교육프로그램 개발, 임직원 교육, 고객 세미나, 고객ㆍ판매인 대상 컨설팅 업무 등
□ 근로조건
○ 근무기간: 1년 (당행 내규에 따라 1년 단위 재계약 가능)
○ 근무시간: 주 5일(월요일~금요일), 일 8시간 근무
○ 근 무 지: NH농협은행 중앙본부 투자상품부(주소: 서울특별시 중구 통일로 120)
○ 급여수준: NH농협은행 관련 규정에 의함
○ 복리사항: 퇴직금(1년 이상 근무 시), 4대보험, 복지포인트 등",https://linkareer.com/activity/336031,https://linkareer.com/activity/336031,,2026-07-16 18:21:28,ad5417ce56f61f54
링커리어,개발,False,SK텔레콤,[SK텔레콤] 유선망 현황관리 및 사무지원 담당자,2026.07.16,2026.07.22,계약직,"기획/경영, IT/개발",text_image,"[SK텔레콤] 유선망 현황관리 및 사무지원 담당자
[수행직무]
- 사무지원 업무
- 통신시설 현황 조사 및 사외 공문 발행
- 공사비 청구/반환 전표 발행
- 각종 비용 처리 및 대외 문서 수발
- 통신망 현황관리 지원
- 선로(중계기 광코아) 현행화: 관리 시스템 간 회선 정보 현행화
- 임차 정보 불일치 대상에 대해 도상 검토(로드뷰, GIS 확인)
- 통신 설비 도상 검토를 통한 사용 여부 검토 및 해지 대상 발췌
[필요역량 및 경험]
- 경력: 총 2년 이상 (유관경력 우대)
- 학력: 초대졸 이상/ 전공 무관
- ERP 등 관련시스템 활용 능력, 세무/회계 기초 역량
- 사-내 시스템을 활용한 데이타 관리 및 현황 관리 업무
[전형절차]
- 서류전형 > 면접전형 > 인성검사&채용검진 > 처우협의 > 최종합격
- 서류 합격자에 한해 면접 예정 (개별 안내)",https://linkareer.com/activity/336011,https://linkareer.com/activity/336011,,2026-07-16 18:21:28,43825c131561dabf
링커리어,개발,False,라인프렌즈 주식회사,[IPX] LINE Family Service Front-end Engineer Intern (체험형),2026.07.16,채용 시 마감,체험형 인턴,IT/개발,image,,https://linkareer.com/activity/335980,https://linkareer.com/activity/335980,,2026-07-16 18:21:28,9ed6db74be5de4ae
링커리어,개발,False,루미르,[루미르] PCB Artwork 설계 엔지니어,2026.07.16,상시모집,"신입, 경력직",IT/개발,text_image,"[루미르] PCB Artwork 설계 엔지니어
[모집기간]
상시채용
[담당업무]
-Altium Designer 기반 위성 전장품 PCB Artwork 설계
-다층(Multi layer, 4 16L) PCB Layout 설계 및 배선 최적화
-고속 디지털, 아날로그, RF 회로 PCB 설계
-EMI/EMC 및 Signal Integrity를 고려한 PCB 설계
-PCB 제작 및 조립을 위한 제조 데이터 생성 및 사양관리
-회로설계 기구설계 부서와 협업을 통한 설계 검증
-설계 표준 및 품질 기준에 따른 문서화 업무 수행
[자격요건]
-Altium
[우대사항]
-RF/Analog/Digital
-High Speed 회로 유경험자
-다층기판 (12 layer 20 layer 수준) 설계 유경험자
[채용공고]",https://linkareer.com/activity/336012,https://linkareer.com/activity/336012,,2026-07-16 18:21:28,ea1090b03593cb94
링커리어,개발,False,루미르,[루미르] 전력전자 하드웨어 개발 채용,2026.07.16,상시모집,"신입, 경력직",IT/개발,text_image,"[루미르] 전력전자 하드웨어 개발 채용
[모집기간]
상시채용
[담당업무]
위성용 전력 모듈 설계 및 System 전력 설계
-전력 모듈 및 전력 회로 설계
-System 전력 설계
-System Ground 설계 및 관리
-배터리 충 방전 제어회로 설계
-전력전자 시스템 모델링 및 시뮬레이션 수행
-설계 검증 및 시험 수행
-EMC/EMI 및 신뢰성 요구사항 검토
-개발 산출물 및 기술 문서 작성
[자격요건]
-H/W 개발 및 회로설계
[우대사항]
-석사 이상 학력자
-전력전자 설계 분야 실무 경험자
-우주 방산업체 유경험자
[채용공고]",https://linkareer.com/activity/336014,https://linkareer.com/activity/336014,,2026-07-16 18:21:28,00a087fa8d3e072d
링커리어,개발,False,마이다스아이티,[마이다스아이티] 지반 분야 고객 교육 및 기술지원 담당자 채용,2026.07.15,2026.07.26,"신입, 경력직","기획/경영, IT/개발",text_image,"[마이다스아이티] 지반 분야 고객 교육 및 기술지원 담당자 채용
[모집기간]
07월 15일 ~ 07월 26일
[담당업무]
-국내 고객을 대상으로 제품 교육을 기획 운영합니다.
-지반 엔지니어링 솔루션을 고객이 효과적으로 활용할 수 있도록 지원합니다.
-MBM 지원을 통해 제품 가치가 고객에게 전달되는 데 기여합니다.
-기술 이슈를 발굴하고, 기능 개선 및 기획에 반영될 수 있도록 연결합니다.
[자격요건]
-경력 무관(신입 지원 가능)
-해당 분야의 전공자 혹은 이에 준하는 도메인 지식을 갖추신 분
[우대사항]
-지반 분야에서 3년 이상의 실무 경험을 보유하신 분
-토목 지반 분야 석사 이상의 학위를 보유하신 분
-마이다스의 지반 SW 제품(GTS NX, SoilWorks, Geo XD 등)을 활용하여 업무를 수행해 보신 경험이 있으신 분
[채용공고]",https://linkareer.com/activity/335905,https://linkareer.com/activity/335905,,2026-07-16 18:21:28,4747fda5f2b15ed3
링커리어,개발,False,모아저축은행,[모아저축은행] 2026년 하반기 채용연계형 인턴 모집,2026.07.15,2026.07.21,채용연계형 인턴,"IT/개발, 금융",text_image,"[모아저축은행] 2026년 하반기 채용연계형 인턴 모집
[모집분야]
- 금융일반
- 정보기술
[자격요건]
· 4년제 대학교 졸업예정자 및 기졸업자
· 정식채용시 9월 출근 가능자
· 인턴근무 종료 후 당행 취업 희망자
[근무조건]
· 근무형태: 인턴
· 근무기간 (4주)
· 2026.08.04.(화)~08.31(월)
· 인턴근무 평가결과에 따라 수습 채용여부 결정
· 급여수준
· 월 220만원(세전)
[전형절차]
- 채용공고 > 온라인 인적성검사 대상자 발표 > 인턴 면접 대상자 발표 > 인턴 면접 > 최종합격",https://linkareer.com/activity/335979,https://linkareer.com/activity/335979,,2026-07-16 18:21:28,8a7d54c8def7a108
링커리어,개발,False,베인앤드컴퍼니코리아,[베인앤드컴퍼니] IT support (Helpdesk) 인턴 채용,2026.07.16,채용 시 마감,체험형 인턴,IT/개발,text_image,"[베인앤드컴퍼니] IT support (Helpdesk) 인턴 채용
접수 기간 2026-07-16 ~ 채용 시 마감
모집부문 및 상세내용
모집 부문
IT Support
인턴
(1명)
담당업무: 헬프데스크 및 IT 운영 지원 중심의 실무형 Technical Support 역할
- Assist in troubleshooting hardware and software on computer systems
- Follow-up with users ensuring complete resolution and user satisfaction on hardware and software issues
- Install, configure, and upgrade software and operating systems
- Enforce TSG guidelines and policies
- Manage user accounts and set permissions
- Assist in off-site repairs with external vendors
- Support global IT projects
- Work with other TSG staff members to test new applications, as well as system hardware and software upgrades
- 인턴 3개월
우대조건
- 비즈니스 level 영어능력 보유 필요 (영어 매뉴얼 읽고 업무 처리 가능한 분)
- 기업 근무 경험 보유자 우대
- 고객 응대 또는 Technical Support 관련 경험 보유자 우대
자격요건
학력
대학졸업(2,3년) 이상(졸업예정자 가능)
근무조건
급여
월급 216만원 ~ 216만원
근무시간
주 5일(월~금) 09:00 ~ 18:00
서울 중구 퇴계로 100 22층 베인앤드컴퍼니
전형 절차
Step 1
서류전형
Step 2
부서 면접
Step 2
최종합격
지원 기간 및 방법
2026-07-16 ~ 채용 시 마감
접수방법
이메일 지원
유의사항
허위 사실이 발견될 경우 채용이 취소될 수 있습니다.",https://linkareer.com/activity/336002,https://linkareer.com/activity/336002,,2026-07-16 18:21:28,db0149c9190a33d0
링커리어,개발,False,블루프리즘 코리아,SS&C 블루프리즘 엔터프라이즈 AI 에이전트 개발 인턴 모집,2026.07.16,2026.08.14,체험형 인턴,IT/개발,text_image,"SS&C 블루프리즘 엔터프라이즈 AI 에이전트 개발 인턴 모집
접수 기간 2026-07-16 ~ 2026-08-14
모집부문 및 상세내용
모집 부문
SS&C 블루프리즘 엔터프라이즈 AI 에이전트 개발 인턴 모집
(0명)
담당업무
Blue Prism 기반 자동화 프로세스 개발
Object/ Process 설계 및 개선
업무 시나리오 분석 및 자동화 로직 구현
테스트, 예외 처리, 운영 안정화 보조
OCR/ ML 기반의 IDP 연계 자동화 프로젝트
- 인턴 2개월
우대조건
소프트웨어 개발, 시스템 및 클라우드 유관 자격증 소유자
Front End/Back End 프로젝트(개인, 팀) 경험
자격요건
학력
대학졸업(2,3년) 이상(8월 졸업예정자 가능)
근무조건
급여
월 240만원 (세전, 4대 보험 가입)
근무시간
주 5일(월~금) 09:00 ~ 18:00
서울 서초구 강남대로 311 드림플러스 강남
전형 절차
Step 1
서류전형
Step 2
코딩 테스트
Step 3
임원 면접
Step 3
최종합격
지원 기간 및 방법
2026-07-16 ~ 2026-08-14
접수방법
이메일 지원 (info@blueprism.kr)
유의사항
허위 사실이 발견될 경우 채용이 취소될 수 있습니다.",https://linkareer.com/activity/336003,https://linkareer.com/activity/336003,,2026-07-16 18:21:28,0f432b0e0b3deb43
링커리어,개발,False,삼진제약,[삼진제약] 각 부문별 채용,2026.07.15,2026.07.26,"경력직, 신입","마케팅/광고, IT/개발, 영업/CS, 연구/R&D, 의료/바이오",text_image,"﻿​[삼진제약] 각 부문별 채용
[모집기간]
직무별 마감일 다름
[모집분야]
-IT
-마케팅PM(항암/폐동맥고혈압)
-Healthcare Device(팀장)
-개발
-MA
-AI 신약개발
-내부통제
-임상
-ADMET
-약리
-제조관리 약사
[채용공고]",https://linkareer.com/activity/335932,https://linkareer.com/activity/335932,,2026-07-16 18:21:28,e1bcc2e0790c1b74
링커리어,개발,False,삼화콘덴서공업,[삼화콘덴서공업] ERP팀 외 4개 부문 신입/경력사원 채용의 건,2026.07.15,2026.08.02,"신입, 경력직","IT/개발, 생산/제조, 물류/유통, 건설",text_image,"[삼화콘덴서공업] ERP팀 외 4개 부문 신입/경력사원 채용의 건
접수 기간 2026-07-15 ~ 2026-08-02
모집부문 및 상세내용
모집 부문
ERP팀
(0명)
담당업무
ㆍ ERP 개발업무 (SAP)
ㆍ SAP 생산(PP) 모듈 개발
- 신입
우대조건
ㆍC# 언어 사용 가능자 (우대)
ㆍJAVA 프로그래밍 가능자 (우대)
ㆍERP 업무경험자 (우대)
ㆍABAP 개발 가능자 (우대)
총무PART
(0명)
담당업무
ㆍ환경/화학물질 관련 업무
ㆍ환경경영시스템 운영관리
ㆍ유해화학물질 운영관리
ㆍ고객사 심사 대응
ㆍ배출시설 및 방지시설
운영관리 (대기,폐기물)
ㆍ올바로시스템, 환경정보
공개시스템, 자원순환정보
시스템 관리
- 신입
우대조건
ㆍ위험물산업기사 (우대)
ㆍ환경공학 전공자 (우대)
ㆍMS Office 활용 가능자 (우대)
ㆍ운전면허 보유자 (우대)
설비보전팀
(0명)
담당업무
ㆍ설비 사후보전
ㆍ설비 예방보전
- 신입
우대조건
ㆍ설비 보전 관련 전공자 (우대)
ㆍ 2년 이상 실무경력 보유자 (우대)
해외영업Part
(0명)
담당업무
ㆍ국내외 L/C 수출업체 발굴
ㆍ국가별 전력청 입찰 참여
ㆍ해외 Agent 발굴 및 관리
ㆍ수주활동/납기관리 등
- 신입
우대조건
ㆍ전공: 전기/전자공학, 상경계열, 영어영문학 (우대)
ㆍB2B영업 또는 중견 제조업 유경험자 (우대)
선행품질Part
(0명)
담당업무
ㆍ 자동차 부품 품질관리 및 품질보증 업무
ㆍ신규개발차종 부품/제품 선행품질 업무 (P1단계 ~ 양산초기까지)
ㆍ고객사 정기/비정기 평가 준비 및 대응
- 경력
우대조건
ㆍ전공: 산업공학, 기계공학 (우대)
ㆍTOEIC 700점 이상 (또는 그에 준하는 성적_필수)
ㆍ자동차부품 품질관리 또는 품질보증 경력
(1년~7년_필수)
ㆍVDA 6.3, SQ 내부심사 경험자 (우대)
ㆍHKMC, 셰플러 등 완성차/글로벌 1Tier
대응경험자 (우대)
자격요건
학력
대학졸업(4년) 이상(졸업예정자 가능)
근무조건
급여
회사 내규에 따름
경기 용인시 처인구 남사읍 경기동로 227 삼화콘덴서공업 용인공장본사
전형 절차
Step 1
서류전형
Step 2
1차 면접
Step 3
2차 면접
Step 3
최종합격
지원 기간 및 방법
2026-07-15 ~ 2026-08-02
접수방법
홈페이지 지원
유의사항
허위 사실이 발견될 경우 채용이 취소될 수 있습니다.",https://linkareer.com/activity/335853,https://linkareer.com/activity/335853,,2026-07-16 18:21:28,23fb114e59d7d915
링커리어,개발,False,씨티알모빌리티,[씨티알모빌리티] CTR Mobility 품질관리팀 품질관리 (서산) 신입 채용,2026.07.16,2026.08.15,"채용연계형 인턴, 경력직",생산/제조,text_image,"[씨티알모빌리티] CTR Mobility 품질관리팀 품질관리 (서산) 신입 채용
[담당 업무]
· 양산 품질관리 및 개선활동
· 사내/외 품질문제 원인분석 및 개선
· 고객사 APQP 활동 및 ISIR업무, 품질대응
· 사내/외 4M변경 관리업무
· 제품심사/공정심사 계획수립 및 모니터링
[자격 요건]
· 전문학사 이상의 학위를 보유하신 분 (2, 3년제)
· 신입 또는 자동차 부품 업계 경력 4년 이하
· 책임감이 강하고 맡은 업무를 주도적으로 성실하게 수행할 수 있는 분
[우대 요건]
· 산업공학 또는 기계공학 관련 전공하신 분
· MS Office에 능통하신 분
· 품질경영기사, 정밀측정산업기사 등 품질관련 자격증을 보유하신 분",https://linkareer.com/activity/335955,https://linkareer.com/activity/335955,,2026-07-16 18:21:28,8b516b638600a92e
링커리어,개발,False,에프앤가이드,[에프앤가이드] [AI팀] 인턴 채용,2026.07.16,채용 시 마감,기타,IT/개발,text_image,"[에프앤가이드] [AI팀] 인턴 채용
[담당업무]
- 리포트 테마 에이전트 개발
[자격요건]
- 학사 이상
- 경력: 무관
- Python 및 데이터 분석 라이브러리(Pandas, NumPy 등) 활용 능력이 가능하신 분
- LangChain, LangGraph에 대한 기본 이해 및 활용 경험이 있으신 분
- 자연어 처리 및 머신러닝에 대한 기본 지식이 있으신 분
- OpenAI API, Claude API 등 LLM 서비스 API 사용 경험이 있으신 분
- Vector Database 구축 및 검색 활용 경험이 있으신 분
- 협업과 지식 공유를 즐기시는 분
[우대사항]
- 고급 프롬프트 엔지니어링(CoT, ToT, GoT 등) 경험이 있으신 분
- 최신 LLM 연구 동향을 파악하고 이를 구현한 경험이 있으신 분
- 데이콘, Ko-LLM 리더보드 등에서의 LLM 성능 최적화 경험이 있으신 분
- RAG(Retrieval-Augmented Generation) 설계 및 적용 경험이 있으신 분
- LangGraph 기반 멀티에이전트 시스템 개발 경험이 있으신 분
- 관련 전공 석사 학위 보유 하신 분",https://linkareer.com/activity/335949,https://linkareer.com/activity/335949,,2026-07-16 18:21:28,85abe2c45fa3e2ee
링커리어,개발,False,연구개발특구진흥재단,[연구개발특구진흥재단] 2026년 제2차 직원채용 공고,2026.07.15,2026.07.29,"체험형 인턴, 신입, 계약직","기획/경영, IT/개발",text_image,"[연구개발특구진흥재단] 2026년 제2차 직원채용 공고
[모집분야]
일반직 원급 (신입), 전일제(주40시간)_공개경쟁 _기술사업화
일반직 원급 (신입), 전일제(주40시간)_공개경쟁 _경영지원(전산)
일반직 원급 (신입), 전일제(주40시간)_제한경쟁(장애인)_경영지원(전산)
체험형 청년인턴, 전일제(주40시간)_공개경쟁_경영지원
체험형 청년인턴, 전일제(주40시간)_제한경쟁(장애인)_경영지원
일반직 육아휴직 대체(신입), 전일제(주40시간)_공개경쟁_기술사업화
일반직 육아휴직 대체(신입), 전일제(주40시간)_공개경쟁_경영기획
일반직 육아휴직 대체(신입), 전일제(주40시간)_공개경쟁_경영지원
[접수기간]
07월 15일 ~ 07월 29일
[채용공고]",https://linkareer.com/activity/335841,https://linkareer.com/activity/335841,,2026-07-16 18:21:28,04eb2b7b6a2923aa
링커리어,개발,False,인애이블퓨전,[인애이블퓨전] 2026 하반기 공개채용 공고,2026.07.09,2026.08.21,"경력직, 신입","기획/경영, IT/개발, 영업/CS, 연구/R&D, 금융, 기타",text_image,"[인애이블퓨전] 2026 하반기 공개채용 공고
[모집분야]
System Integration
Configuration Management
Mechanical
Thermohydraulic design
Technical Sales & Procurement
Project management
HTS
AI
Sales & Marketing
Financial Planning
HR
[접수기간]
07월 09일 ~ 08월 21일
[채용공고]",https://linkareer.com/activity/335844,https://linkareer.com/activity/335844,,2026-07-16 18:21:28,0d8dd002811954b6
링커리어,개발,False,하나머티리얼즈,[하나머티리얼즈] [신입] 반도체 및 디스플레이용 실리콘계 세라믹 신소재 개발 (연구직) 모집,2026.07.15,2026.07.26,신입,연구/R&D,text_image,"[하나머티리얼즈] [신입] 반도체 및 디스플레이용 실리콘계 세라믹 신소재 개발 (연구직) 모집
[담당업무]
실리콘 및 ​실리콘카바이드 ​고온합성 ​연구 및 ​분쇄/분급 공정개발 (천안)
정부 R&D ​과제 ​관리 (보고서 ​작성, 연구비 관리 ​지원)
[접수기간]
07월 15일 ~ 07월 26일
[채용공고]",https://linkareer.com/activity/335850,https://linkareer.com/activity/335850,,2026-07-16 18:21:28,c86c85d620d53c70
링커리어,개발,False,한국발명진흥회,[한국발명진흥회] 2026년 정규직(6급 채용형 인턴) 채용공고,2026.07.07,2026.07.21,채용연계형 인턴,"기획/경영, IT/개발",text_image,"[한국발명진흥회] 2026년 정규직(6급 채용형 인턴) 채용공고
[모집기간]
07월 17일 ~ 07월 21일
[모집분야]
-지식재산 사업관리 (일반행정)
-지식재산 사업관리 (이공계)
-지식재산 사업관리 (보훈)
-시스템 개발 및 정보화 운영
[채용공고]",https://linkareer.com/activity/335910,https://linkareer.com/activity/335910,,2026-07-16 18:21:28,3b43f1b2d0c58597
